{"chunk_definitions":[{"row":31,"row_count":1,"visible":true,"expansion_state":0,"options":{"engine":"r","label":"setup","include":false,"dev":"png"},"document_id":"F7DD3A1C","chunk_id":"csetup_chunk","chunk_label":"setup"},{"row":55,"row_count":1,"visible":true,"expansion_state":0,"options":{"engine":"r","echo":false,"eval":true,"label":"unnamed-chunk-5","dev":"png"},"document_id":"F7DD3A1C","chunk_id":"cvtbkwcv1e1w4","chunk_label":"unnamed-chunk-1"},{"row":81,"row_count":1,"visible":true,"expansion_state":0,"options":{"engine":"r","label":"unnamed-chunk-27","dev":"png"},"document_id":"F7DD3A1C","chunk_id":"c20ppv0apywy9","chunk_label":"unnamed-chunk-2"},{"row":98,"row_count":1,"visible":true,"expansion_state":0,"options":{"engine":"r","label":"unnamed-chunk-17","dev":"png"},"document_id":"F7DD3A1C","chunk_id":"c7a761xqj9i5u","chunk_label":"unnamed-chunk-3"},{"row":159,"row_count":1,"visible":true,"expansion_state":0,"options":{"engine":"r","label":"unnamed-chunk-19","dev":"png"},"document_id":"F7DD3A1C","chunk_id":"cv9sh000xwvyu","chunk_label":"unnamed-chunk-6"},{"row":181,"row_count":1,"visible":true,"expansion_state":0,"options":{"engine":"r","label":"unnamed-chunk-22","dev":"png"},"document_id":"F7DD3A1C","chunk_id":"cgoc3l56ejmxn","chunk_label":"unnamed-chunk-7"},{"row":192,"row_count":1,"visible":true,"expansion_state":0,"options":{"engine":"r","label":"unnamed-chunk-20","dev":"png"},"document_id":"F7DD3A1C","chunk_id":"c4wbkxcxsnhne","chunk_label":"unnamed-chunk-8"},{"row":198,"row_count":1,"visible":true,"expansion_state":0,"options":{"engine":"r","echo":true,"label":"unnamed-chunk-21","dev":"png"},"document_id":"F7DD3A1C","chunk_id":"c831jmvbvkcem","chunk_label":"unnamed-chunk-9"},{"row":216,"row_count":1,"visible":true,"expansion_state":0,"options":{"engine":"r","echo":true,"label":"unnamed-chunk-23","dev":"png"},"document_id":"F7DD3A1C","chunk_id":"ckzw8zs21arbn","chunk_label":"unnamed-chunk-10"},{"row":245,"row_count":1,"visible":true,"expansion_state":0,"options":{"engine":"r","echo":true,"label":"unnamed-chunk-24","dev":"png"},"document_id":"F7DD3A1C","chunk_id":"cpj2kx70r38wa","chunk_label":"unnamed-chunk-11"},{"row":300,"row_count":1,"visible":true,"expansion_state":0,"options":{"engine":"r","echo":true,"label":"unnamed-chunk-26","dev":"png"},"document_id":"F7DD3A1C","chunk_id":"cwuptlf1voeyv","chunk_label":"unnamed-chunk-13"}],"doc_write_time":1710853371}