"0","# table with descriptive statistics"
"0"," dt_analysis %>% tbl_summary(include = c(-id),"
"0","                           by = (group_var),"
"0","                            type = list(where(is.numeric) ~ ""continuous2""),"
"0","                            statistic = list(all_continuous2() ~ c(""{median} ({p25} - {p75})"", "
"0","                                                                   ""{min} - {max}"","
"0","                                                                   ""{mean} ({sd})""))"
"0","                           ) %>% "
"0","    modify_spanning_header(all_stat_cols() ~ ""**Medication received**"") %>%"
"0","    bold_labels()"
"2","3 observations missing `group` have been removed. To include these observations, use `forcats::fct_na_value_to_level()` on `group` column before passing to `tbl_summary()`.
"
"2","Warnung: kann Datei 'C:/Users/o_herzogse/Documents/Teaching/Dissertation seminar – Linux, python and R/1_Advanced course R - lecturer/Assignment_SOLUTION/.Rproj.user/shared/notebooks/F63C2D7F-assignment_markdown_SOLUTION_20240319/1/B0D938C7b30b6d20/c7a761xqj9i5u_t\_rs_html_22986eba3b1d.html' nicht öffnen: No such file or directory"
"2","Fehler in file(file, ifelse(append, ""a"", ""w"")) : 
  kann Verbindung nicht öffnen
"
