"0","# table with descriptive statistics"
"0"," dt_assign %>% tbl_summary(include = c(-id),"
"0","                           by = group,"
"0","                           statistic = list(all_continuous() ~ ""{mean} ({sd})"")) %>% "
"0","    modify_spanning_header(all_stat_cols() ~ ""**Medication received**"") %>%"
"0","    bold_labels()"
"2","3 observations missing `group` have been removed. To include these observations, use `forcats::fct_na_value_to_level()` on `group` column before passing to `tbl_summary()`.
"
