"0","var_int_1 <- ""hba1c"""
"0","var_int_1_lab <- ""HbA1c (%)"""
"0",""
"0","var_int_2 <- ""cvf"""
"0","var_int_2_lab <- ""collagen volume fraction (%)"""
"0",""
"0","ggplot(data = dt_analysis,"
"0","       aes(x=get(var_int_1), y= get(var_int_2), color = get(group_var))) +"
"0","  "
"0","    geom_point() +"
"0","  "
"0","    xlab(var_int_1_lab) +"
"0","    ylab(var_int_2_lab) +"
"0","  "
"0","    theme_bw()"
"2","Fehler in (function (filename = ""Rplot%03d.png"", width = 480, height = 480,  : 
  kann png()-Gerät nicht starten
"
