"0","var_int_1 <- ""weight"""
"0","var_int_1_lab <- ""Weight [in kg]"""
"0",""
"0","var_int_2 <- ""height"""
"0","var_int_2_lab <- ""Height [in cm]"""
"0",""
"0","ggplot(data = dt_analysis,"
"0","       aes(x=get(var_int_1), y= get(var_int_2), color = group))+"
"0","  "
"0","    geom_point()+"
"0","  "
"0","    xlab(var_int_1_lab)+ylab(var_int_2_lab) +"
"0","    theme_bw()"
"2","Fehler in (function (filename = ""Rplot%03d.png"", width = 480, height = 480,  : 
  kann png()-Gerät nicht starten
"
