"0","# Plot a 2x1 plot to check normality assumption for residuals (use plot_grid() from package cowplot))"
"0","  # panel A: histogram"
"0","  # panel B: qqplot"
"0",""
"0","p_res_stand<-"
"0","  ggplot(data = dt_fit_pred,"
"0","         aes(x = residuals_stand)) +"
"0","    geom_histogram(fill = ""grey80"", colour = ""black"") +"
"0","    xlab(""Standardized Residual"") +"
"0","    theme_bw()"
"0",""
"0",""
"0","p_res_qqplot <-"
"0","  ggplot(data = dt_fit_pred,"
"0","         aes(sample = residuals_stand)) +"
"0","    geom_qq() +"
"0","    geom_qq_line() +"
"0","  "
"0","      xlab(""Theoretical"") +"
"0","      ylab(""Standardized Residual"") +"
"0","    theme_bw()"
"0",""
"0","cowplot::plot_grid(p_res_stand, p_res_qqplot, nrow = 2)"
"2","[38;5;232m`stat_bin()` using `bins = 30`. Pick better value with `binwidth`.[39m"
"2","Fehler in (function (filename = ""Rplot%03d.png"", width = 480, height = 480,  : 
  kann png()-Gerät nicht starten
"
