{"chunk_definitions":[{"row":31,"row_count":1,"visible":true,"expansion_state":0,"options":{"engine":"r","label":"setup","include":false,"dev":"png"},"document_id":"F7DD3A1C","chunk_id":"csetup_chunk","chunk_label":"setup"},{"row":55,"row_count":1,"visible":true,"expansion_state":0,"options":{"engine":"r","echo":false,"eval":true,"label":"unnamed-chunk-5","dev":"png"},"document_id":"F7DD3A1C","chunk_id":"cvtbkwcv1e1w4","chunk_label":"unnamed-chunk-1"},{"row":94,"row_count":1,"visible":true,"expansion_state":0,"options":{"engine":"r","label":"unnamed-chunk-6","dev":"png"},"document_id":"F7DD3A1C","chunk_id":"c7a761xqj9i5u","chunk_label":"unnamed-chunk-2"}],"doc_write_time":1710850755,"working_dir":null,"default_chunk_options":{"echo":false,"fig.width":10.0,"fig.height":8.0}}