"0"," info$general %>%
   flextable::flextable() %>%
   flextable::font(., fontname = ""Cambria (Textkörper)"", part = ""all"") %>%
      flextable::fontsize(., size = 10 , part = ""all"") %>%
      flextable::padding(padding.top = 0,
                         padding.bottom = 0, part = ""body"") %>%

      flextable::hline(.,
              border = officer::fp_border(color = ""grey70"", style = ""dotted"")) %>%
      # flextable::align(., j = 1, part = ""all"") %>%
      flextable::bg(., bg = ""grey90"", part = ""header"") %>%
      flextable::bold(., bold = TRUE, part = ""header"") %>%
      flextable::autofit()
"
"2","Warnung: kann Datei 'C:/Users/o_herzogse/Documents/Teaching/Dissertation seminar – Linux, python and R/1_Advanced course R - lecturer/Assignment_SOLUTION/.Rproj.user/shared/notebooks/61D3FB0D-assignment_markdown_embacher_20240306/1/B0D938C7b30b6d20/cvtbkwcv1e1w4_t\_rs_html_deps_2298547721c0.json' nicht öffnen: No such file or directory"
"2","Fehler in file(file, ifelse(append, ""a"", ""w"")) : 
  kann Verbindung nicht öffnen
"
