"0","# settings for output"
"0","  knitr::opts_chunk$set(echo = FALSE)"
"0",""
"0",""
"0","# Change setting of figure width and height"
"0","  knitr::opts_chunk$set(fig.width = ggplot2::unit(10, ""cm""), fig.height = ggplot2::unit(8, ""cm""))"
"0",""
"0","# Change options such that progress bar is not shown in the output file <- NEW!!!"
"0","  knitr::opts_knit$set(progress = FALSE, verbose = TRUE)"
"0",""
"0","# libraries used in this Rmd"
"0","  library(ggplot2)"
"0","  library(tidyverse)"
"0","  library(flextable)"
"0","  library(gtsummary)"
"0","  library(knitr)"
"0","  "
"0","  library(moderndive)"
"0","  library(cowplot)"
