{"chunk_definitions":[{"row":31,"row_count":1,"visible":true,"expansion_state":0,"options":{"engine":"r","label":"setup","include":false,"dev":"png"},"document_id":"F7DD3A1C","chunk_id":"csetup_chunk","chunk_label":"setup"},{"row":55,"row_count":1,"visible":true,"expansion_state":0,"options":{"engine":"r","echo":false,"eval":true,"label":"unnamed-chunk-5","dev":"png"},"document_id":"F7DD3A1C","chunk_id":"cvtbkwcv1e1w4","chunk_label":"unnamed-chunk-1"},{"row":96,"row_count":1,"visible":true,"expansion_state":0,"options":{"engine":"r","label":"unnamed-chunk-14","dev":"png"},"document_id":"F7DD3A1C","chunk_id":"c20ppv0apywy9","chunk_label":"unnamed-chunk-2"},{"row":115,"row_count":1,"visible":true,"expansion_state":0,"options":{"engine":"r","label":"unnamed-chunk-17","dev":"png"},"document_id":"F7DD3A1C","chunk_id":"c7a761xqj9i5u","chunk_label":"unnamed-chunk-3"}],"doc_write_time":1710851274}