"0","# placeholders"
"0",""
"0","dt_analysis <- dt_assign"
"0",""
"0",""
"0",""
"0","vec_var_int_categorical <- c(""gender"", ""blgrp"", ""drug_use"")"
"0","vec_var_int_categorical_lab <- info$dictionary %>%  filter(parameter %in% vec_var_int_categorical) %>% pull(parameter_label)"
"0",""
"0","vec_var_int_continuous <- c(""age"", ""height"", ""weight"", ""bmi"", ""hba1c"", ""cvf"")"
"0","vec_var_int_continuous_lab <- info$dictionary %>%  filter(parameter %in% vec_var_int_continuous) %>% pull(parameter_label)"
"0",""
"0","group_int <- ""group"""
"0","group_int_lab <- ""Group"""
"0","colours_placeholder <- c(""#00AFBB"", ""#E7B800"",""darkred"")"
"0",""
